sensor:model,sensor:package,sensor:capability,sensor:units
AirBeam-PM,AirBeam:001896107F9D,Particulate Matter,micrograms per cubic meter
Timestamp,geo:lat,geo:long,Value
2017-11-15T13:32:06.000+00:00,39.956573333,-75.164785,11.34
2017-11-15T13:33:06.000+00:00,39.95667,-75.166288333,11.56
2017-11-15T13:34:07.000+00:00,39.95686,-75.167518333,10.89
2017-11-15T13:35:07.000+00:00,39.955966667,-75.167906667,10.52
sensor:model,sensor:package,sensor:capability,sensor:units
AirBeam-F,AirBeam:001896107F9D,Temperature,degrees Fahrenheit
Timestamp,geo:lat,geo:long,Value
2017-11-15T13:32:06.000+00:00,39.956573333,-75.164785,60.0
2017-11-15T13:33:06.000+00:00,39.95667,-75.166288333,60.0
2017-11-15T13:34:07.000+00:00,39.95686,-75.167518333,59.0
2017-11-15T13:35:07.000+00:00,39.955966667,-75.167906667,59.0
sensor:model,sensor:package,sensor:capability,sensor:units
AirBeam-RH,AirBeam:001896107F9D,Humidity,percent
Timestamp,geo:lat,geo:long,Value
2017-11-15T13:32:06.000+00:00,39.956573333,-75.164785,36.0
2017-11-15T13:33:06.000+00:00,39.95667,-75.166288333,36.0
2017-11-15T13:34:07.000+00:00,39.95686,-75.167518333,38.0
2017-11-15T13:35:07.000+00:00,39.955966667,-75.167906667,38.0
