sensor:model,sensor:package,sensor:capability,sensor:units
AirBeam-PM,AirBeam:001896107F9D,Particulate Matter,micrograms per cubic meter
Timestamp,geo:lat,geo:long,Value
2017-11-15T13:23:01.000+00:00,39.961053333,-75.161733333,10.89
2017-11-15T13:24:01.000+00:00,39.960318333,-75.161883333,11.12
2017-11-15T13:25:02.000+00:00,39.959425,-75.162218333,13.19
2017-11-15T13:26:02.000+00:00,39.958586667,-75.162113333,11.26
sensor:model,sensor:package,sensor:capability,sensor:units
AirBeam-F,AirBeam:001896107F9D,Temperature,degrees Fahrenheit
Timestamp,geo:lat,geo:long,Value
2017-11-15T13:23:01.000+00:00,39.961053333,-75.161733333,66.0
2017-11-15T13:24:01.000+00:00,39.960318333,-75.161883333,66.0
2017-11-15T13:25:02.000+00:00,39.959425,-75.162218333,64.0
2017-11-15T13:26:02.000+00:00,39.958586667,-75.162113333,62.0
sensor:model,sensor:package,sensor:capability,sensor:units
AirBeam-RH,AirBeam:001896107F9D,Humidity,percent
Timestamp,geo:lat,geo:long,Value
2017-11-15T13:23:01.000+00:00,39.961053333,-75.161733333,31.0
2017-11-15T13:24:01.000+00:00,39.960318333,-75.161883333,30.0
2017-11-15T13:25:02.000+00:00,39.959425,-75.162218333,32.0
2017-11-15T13:26:02.000+00:00,39.958586667,-75.162113333,34.0
