sensor:model,sensor:package,sensor:capability,sensor:units
AirBeam-PM,AirBeam:001896107F9D,Particulate Matter,micrograms per cubic meter
Timestamp,geo:lat,geo:long,Value
2017-11-15T13:03:50.000+00:00,39.957921667,-75.162216667,13.34
2017-11-15T13:04:50.000+00:00,39.95844,-75.162465,13.65
2017-11-15T13:05:51.000+00:00,39.958803333,-75.1623,12.75
2017-11-15T13:06:52.000+00:00,39.959403333,-75.162228333,14.18
sensor:model,sensor:package,sensor:capability,sensor:units
AirBeam-F,AirBeam:001896107F9D,Temperature,degrees Fahrenheit
Timestamp,geo:lat,geo:long,Value
2017-11-15T13:03:50.000+00:00,39.957921667,-75.162216667,64.0
2017-11-15T13:04:50.000+00:00,39.95844,-75.162465,64.0
2017-11-15T13:05:51.000+00:00,39.958803333,-75.1623,62.0
2017-11-15T13:06:52.000+00:00,39.959403333,-75.162228333,62.0
sensor:model,sensor:package,sensor:capability,sensor:units
AirBeam-RH,AirBeam:001896107F9D,Humidity,percent
Timestamp,geo:lat,geo:long,Value
2017-11-15T13:03:50.000+00:00,39.957921667,-75.162216667,31.0
2017-11-15T13:04:50.000+00:00,39.95844,-75.162465,32.0
2017-11-15T13:05:51.000+00:00,39.958803333,-75.1623,32.0
2017-11-15T13:06:52.000+00:00,39.959403333,-75.162228333,34.0
